<?xml version='1.0' encoding='UTF-8' standalone='yes'?>
<addon id="script.module.parsedom" name="Parsedom for xbmc plugins" provider-name="Mariusz89B" version="2.5.3">
  <requires>
    <import addon="xbmc.addon" version="17.9.910"/>
  </requires>
  <extension point="xbmc.addon.metadata">
    <platform>all</platform>
    <summary lang="en">Parsedom for xbmc plugins.</summary>
  </extension>
  <extension library="lib" point="xbmc.python.module" />
  <extension point="xbmc.addon.metadata">
        <license>GPLv3</license>
        <platform>all</platform>
        <email></email>
        <website></website>
        <forum>http://forum.xbmc.org/showthread.php?tid=116498</forum>
        <source>https://github.com/HenrikDK/xbmc-common-plugin-functions</source>
        <language></language>
   </extension>
</addon>