<?xml version="1.0" encoding="UTF-8"?>
<map id="base german" version="1.0" strm="">	
	<channel id="13th Street HD DE"							title="(?=13th\s*street(\s*HD)?(\s*DE)$)" strm=""/>
	<channel id="3sat DE"									title="(?=3sat(\s*HD)?(\s*DE)$)" strm=""/>
	<channel id="A&amp;E DE"								title="(?=(A)(\s*&amp;)?(\s*E)(\s*HD)?(\s*DE)$)" strm=""/>
	<channel id="ANIXE DE"									title="(?=ANIXE(\s*HD)?(\s*DE)$)" strm=""/>
	<channel id="ARD Alpha DE"								title="(?=ARD\s*Alpha(\s*HD)?(\s*DE)$)" strm=""/>
	<channel id="ARTE DE"									title="(?=ARTE(\s*HD)?(\s*DE)$)" strm=""/>
	<channel id="ATV DE"									title="(?=ATV(\s*HD)?(\s*DE)$)" strm=""/>
	<channel id="ATV II DE"									title="(?=ATV(\s*2|II)(\s*HD)?(\s*DE)$)" strm=""/>
	<channel id="AXN DE"									title="(?=AXN(\s*HD)?(\s*DE)$)" strm=""/>
	<channel id="Al Jazeera DE"								title="(?=Al\s*Jazeera(\s*HD)?(\s*DE)$)" strm=""/>
	<channel id="Auto Motor Sport Channel DE"				title="(?=(Auto)(\s*Motor)(\s*u)?(\s*Sport)(\s*Channel)?(\s*HD)?(\s*DE)$)" strm=""/>
	<channel id="BBC World News DE"							title="(?=BBC\s*World(\s*News)?(\s*HD)?(\s*DE)$)" strm=""/>
	<channel id="BR DE"										title="(?=BR(\s*TV)?(\s*HD)?(\s*DE)$)" strm=""/>
	<channel id="Bibel TV DE"								title="(?=Bibel(\s*TV)?(\s*HD)?(\s*DE)$)" strm=""/>
	<channel id="Blizz DE"									title="(?=Blizz(\s*TV)?(\s*HD)?(\s*DE)$)" strm=""/>
	<channel id="Bloomberg TV DE"							title="(?=Bloomberg(\s*TV)?(\s*HD)?(\s*DE)$)" strm=""/>
	<channel id="BonGusto DE"								title="(?=BonGusto(\s*TV)?(\s*HD)?(\s*DE)$)" strm=""/>
	<channel id="Boomerang DE"								title="(?=Boomerang(\s*TV)?(\s*HD)?(\s*DE)$)" strm=""/>
	<channel id="CNBC DE"									title="(?=CNBC(\s*TV)?(\s*HD)?(\s*DE)$)" strm=""/>
	<channel id="CNN DE"									title="(?=CNN(\s*TV)?(\s*HD)?(\s*DE)$)" strm=""/>
	<channel id="COMEDY CENTRAL DE"							title="(?=Comedy\s*Central(\s*HD)?(\s*DE)$)" strm=""/>
	<channel id="Cartoon Network DE"						title="(?=Cartoon\s*Network(\s*HD)?(\s*DE)$)" strm=""/>
	<channel id="Channel 21 DE"								title="(?=Channel\s*21(\s*HD)?(\s*DE)$)" strm=""/>
	<channel id="Classica DE"								title="(?=Classica(\s*HD)?(\s*DE)$)" strm=""/>
	<channel id="DELUXE MUSIC DE"							title="(?=DELUXE\s*MUSIC(\s*HD)?(\s*DE)$)" strm=""/>
	<channel id="DMAX DE"									title="(?=DMAX(\s*HD)?(\s*DE)$)" strm=""/>
	<channel id="DW TV DE"									title="(?=DW(\s*Europe)?(\s*TV)?(\s*HD)?(\s*DE)$)" strm=""/>
	<channel id="Das Erste DE"								title="(?=Das\s*Erste(\s*HD)?(\s*DE)$)" strm=""/>
	<channel id="Deutsches Musik Fernsehen DE"				title="(?=DMF|Deutsches\s*Musik\s*Fernsehen(\s*HD)?(\s*DE)$)" strm=""/>
	<channel id="Discovery Channel HD DE"					title="(?=Discovery(\s*Channel)?(\s*HD)?(\s*DE)$)" strm=""/>
	<channel id="Disney Channel DE"							title="(?=Disney\s*Channel(\s*HD)?(\s*DE)$)" strm=""/>
	<channel id="Disney Cinemagic DE"						title="(?=Disney\s*Cinemagic(\s*HD)?(\s*DE)$)" strm=""/>
	<channel id="Disney Junior DE"							title="(?=Disney\s*Junior(\s*HD)?(\s*DE)$)" strm=""/>
	<channel id="Disney XD DE"								title="(?=Disney\s*XD(\s*HD)?(\s*DE)$)" strm=""/>
	<channel id="E! Entertainment DE"						title="(?=E(!)?(\s*Entertainment)?(\s*TV)?(\s*HD)?(\s*DE)$)" strm=""/>
	<channel id="EXTREME SPORTS DE"							title="(?=EXTREME\s*SPORTS(\s*HD)?(\s*DE)$)" strm=""/>
	<channel id="Euronews DE"								title="(?=Euronews(\s*HD)?(\s*DE)$)" strm=""/>
	<channel id="Eurosport 1 DE"							title="(?=Eurosport(\s*1)?(\s*HD)?(\s*DE)$)" strm=""/>
	<channel id="Eurosport 2 DE"							title="(?=Eurosport\s*2(\s*Xtra)?(\s*HD)?(\s*DE)$)" strm=""/>
	<channel id="FOX HD DE"									title="(?=FOX(\s*HD)?(\s*DE)$)" strm=""/>
	<channel id="Family TV DE"								title="(?=Family(\s*TV)?(\s*HD)?(\s*DE)$)" strm=""/>
	<channel id="Fashion TV DE"								title="(?=(FTV|Fashion)(\s*TV)?(\s*HD)?(\s*DE)$)" strm=""/>
	<channel id="Fine Living Network DE"					title="(?=Fine\s*Living\s*Network(\s*TV)?(\s*HD)?(\s*DE)$)" strm=""/>
	<channel id="Food Network DE"							title="(?=Food\s*Network(\s*HD)?(\s*DE)$)" strm=""/>
	<channel id="France 24 DE"								title="(?=France\s*24(\s*HD)?(\s*DE)$)" strm=""/>
	<channel id="GEO Television DE"							title="(?=GEO(\s*Television)?(\s*TV)?(\s*HD)?(\s*DE)$)" strm=""/>
	<channel id="GoldStar TV DE"							title="(?=GoldStar(\s*TV)?(\s*HD)?(\s*DE)$)" strm=""/>
	<channel id="Gute Laune TV DE"							title="(?=Gute\s*Laune(\s*TV)?(\s*HD)?(\s*DE)$)" strm=""/>
	<channel id="HISTORY HD DE"								title="(?=HISTORY\s*(\s*TV)?(\s*HD)?(\s*DE)$)" strm=""/>
	<channel id="HR DE"										title="(?=HR(\s*HD)?(\s*DE)$)" strm=""/>
	<channel id="HSE 24 DE"									title="(?=HSE\s*24(\s*HD)?(\s*DE)$)" strm=""/>
	<channel id="Hamburg 1 DE"								title="(?=Hamburg\s*1(\s*HD)?s*DE$)" strm=""/>
	<channel id="Heimatkanal DE"							title="(?=Heimatkanal(\s*HD)?(\s*DE)$)" strm=""/>
	<channel id="Jukebox DE"								title="(?=Jukebox(\s*TV)?(\s*HD)?(\s*DE)$)" strm=""/>
	<channel id="Junior DE"									title="(?=Junior(\s*TV)?(\s*HD)?(\s*DE)$)" strm=""/>
	<channel id="K-TV DE"									title="(?=K(-)?\s*TV(\s*HD)?(\s*DE)$)" strm=""/>
	<channel id="Kabel Eins DE"								title="(?=(Kabel\s*Eins)(\s*CLASSICS)?(\s*TV)?(\s*HD)?(\s*DE)$)" strm=""/>
	<channel id="Kabel Eins Doku DE"						title="(?=Kabel\s*Eins\s*Doku(\s*TV)?(\s*HD)?(\s*DE)$)" strm=""/>
	<channel id="KiKA DE"									title="(?=KiKA(\s*TV)?(\s*HD)?(\s*DE)$)" strm=""/>
	<channel id="Kinowelt TV DE"							title="(?=Kinowelt(\s*TV)?(\s*HD)?(\s*DE)$)" strm=""/>
	<channel id="Leipzig Fernsehen DE"						title="(?=Leipzig(\s*Fernsehen)?(\s*TV)?(\s*HD)?(\s*DE)$)" strm=""/>
	<channel id="MDR DE"									title="(?=MDR(\s*TV)?(\s*HD)?(\s*DE)$)" strm=""/>
	<channel id="MTV Base DE"								title="(?=MTV\s*Base(\s*HD)?(\s*DE)$)" strm=""/>
	<channel id="MTV DE"									title="(?=MTV(\s*HD)?(\s*DE)$)" strm=""/>
	<channel id="MTV Dance DE"								title="(?=MTV\s*Dance(\s*HD)?(\s*DE)$)" strm=""/>
	<channel id="MTV Hits DE"								title="(?=MTV\s*Hits(\s*HD)?(\s*DE)$)" strm=""/>
	<channel id="MTV Live HD DE"							title="(?=MTV\s*Live(\s*HD)?(\s*DE)$)" strm=""/>
	<channel id="Marco Polo TV DE"							title="(?=Marco\s*Polo(\s*TV)?(\s*HD)?(\s*DE)$)" strm=""/>
	<channel id="Mezzo DE"									title="(?=Mezzo(\s*HD)?(\s*DE)$)" strm=""/>
	<channel id="Motorsport.tv DE"							title="(?=(Motorsport.TV|Motors)(\s*TV)?(\s*HD)?(\s*DE)$)" strm=""/>
	<channel id="Motorvision TV DE"							title="(?=Motorvision(\s*TV)?(\s*HD)?(\s*DE)$)" strm=""/>
	<channel id="München TV 2 DE"							title="(?=M.?nchen(\s*TV)?\s*2(\s*HD)?(\s*DE)$)" strm=""/>
	<channel id="München TV DE"								title="(?=M.?nchen(\s*TV)?(\s*1)?(\s*HD)?(\s*DE)$)" strm=""/>
	<channel id="N TV DE"									title="(?=N\s*TV(\s*HD)?(\s*DE)$)" strm=""/>
	<channel id="NDR DE"									title="(?=NDR(\s*TV)?(\s*HD)?(\s*DE)$)" strm=""/>
	<channel id="Nat Geo People HD DE"						title="(?=Nat\s*Geo\s*People(\s*HD)?(\s*DE)$)" strm=""/>
	<channel id="Nat Geo Wild HD DE"						title="(?=Nat\s*Geo\s*Wild(\s*HD)?(\s*DE)$)" strm=""/>
	<channel id="National Geographic HD DE"					title="(?=National\s*Geographic(\s*HD)?(\s*DE)$)" strm=""/>
	<channel id="Nautical Channel DE"						title="(?=Nautical\s*Channel(\s*HD)?(\s*DE)$)" strm=""/>
	<channel id="Nick Jr. DE"								title="(?=Nick\s*(Jr|Jr.)(\s*TV)?(\s*HD)?(\s*DE)$)" strm=""/>
	<channel id="Nickelodeon DE"							title="(?=Nickelodeon(\s*HD)?(\s*DE)$)" strm=""/>
	<channel id="Nicktoons DE"								title="(?=Nicktoons(\s*HD)?(\s*DE)$)" strm=""/>
	<channel id="ONE DE"									title="(?=ONE(\s*TV)?(\s*HD)?(\s*DE)$)" strm=""/>
	<channel id="ORF 1 DE"									title="(?=ORF(\s*1|eins)?(\s*HD)?(\s*DE)$)" strm=""/>
	<channel id="ORF 2 DE"									title="(?=ORF\s*2(\s*HD)?(\s*DE)$)" strm=""/>
	<channel id="ORF 3 DE"									title="(?=ORF\s*3(\s*HD)?(\s*DE)$)" strm=""/>
	<channel id="ORF SPORT + DE"							title="(?=ORF\s*SPORT\s*(\+|PLUS)(\s*HD)?(\s*DE)$)" strm=""/>
	<channel id="PHOENIX DE"								title="(?=PHOENIX(\s*TV)?(\s*HD)?(\s*DE)$)" strm=""/>
	<channel id="PLANET DE"									title="(?=PLANET(\s*TV)?(\s*HD)?(\s*DE)$)" strm=""/>
	<channel id="PULS 4 DE"									title="(?=PULS\s*4(\s*HD)?(\s*DE)$)" strm=""/>
	<channel id="PULS 8 DE"									title="(?=PULS\s*8(\s*HD)?(\s*DE)$)" strm=""/>
	<channel id="ProSieben DE"								title="(?=ProSieben(\s*HD)?(\s*DE)$)" strm=""/>
	<channel id="ProSieben Fun DE"							title="(?=ProSieben\s*Fun(\s*HD)?(\s*DE)$)" strm=""/>
	<channel id="ProSieben MAXX DE"							title="(?=ProSieben\s*MAXX(\s*HD)?(\s*DE)$)" strm=""/>
	<channel id="QVC 2 DE"									title="(?=QVC\s*2(\s*TV)?(\s*HD)?(\s*DE)$)" strm=""/>
	<channel id="QVC Beauty &amp; Style DE"					title="(?=(QVC)(\s*Beauty)(\s*&amp;)?(\s*Style)(\s*TV)?(\s*HD)?(\s*DE)$)" strm=""/>
	<channel id="QVC DE"									title="(?=QVC(\s*TV)?(\s*HD)?(\s*DE)$)" strm=""/>
	<channel id="QVC Plus DE"								title="(?=QVC\s*Plus(\s*TV)?(\s*HD)?(\s*DE)$)" strm=""/>
	<channel id="RBB DE"									title="(?=RBB(\s*TV)?(\s*HD)?(\s*DE)$)" strm=""/>
	<channel id="RCK TV DE"									title="(?=RCK(\s*TV)?(\s*HD)?(\s*DE)$)" strm=""/>
	<channel id="RTL Crime HD DE"							title="(?=RTL\s*Crime(\s*HD)?(\s*DE)$)" strm=""/>
	<channel id="RTL DE"									title="(?=RTL(\s*HD)?(\s*DE)$)" strm=""/>
	<channel id="RTL II DE"									title="(?=RTL\s*(2|II)(\s*HD)?(\s*DE)$)" strm=""/>
	<channel id="RTL II YOU DE"								title="(?=RTL\s*(2|II)(\s*YOU)(\s*HD)?(\s*DE)$)" strm=""/>
	<channel id="RTL Living DE"								title="(?=RTL\s*Living(\s*HD)?(\s*DE)$)" strm=""/>
	<channel id="RTL NITRO DE"								title="(?=(RTL\s*)?Nitro(\s*HD)?(\s*DE)$)" strm=""/>
	<channel id="RTL Passion DE"							title="(?=RTL\s*Passion(\s*HD)?(\s*DE)$)" strm=""/>
	<channel id="RTL Plus DE"								title="(?=RTL\s*Plus(\s*HD)?(\s*DE)$)" strm=""/>
	<channel id="RTL UHD DE"								title="(?=RTL(\s*UHD|\s*4K)(\s*SPORT(S)?)?(\s*UHD)?(\s*DE)$)" strm=""/>
	<channel id="Regio TV Bodensee DE"						title="(?=Regio(\s*TV)?\s*Bodemsee(\s*HD)?(\s*DE)$)" strm=""/>
	<channel id="Regio TV DE"								title="(?=Regio(\s*TV)?(\s*HD)?(\s*DE)$)" strm=""/>
	<channel id="Rhein Main TV DE"							title="(?=Rhein\s*Main(\s*TV)?(\s*HD)?(\s*DE)$)" strm=""/>
	<channel id="Rhein-Neckar Fernsehen DE"					title="(?=Rhein(-)?\s*Neckar(\s*Fernsehen)?(\s*TV)?(\s*HD)?(\s*DE)$)" strm=""/>
	<channel id="RiC eoTV DE"								title="(?=(RiC)(\s*eoTV)?(\s*HD)?(\s*DE)$)" strm=""/>
	<channel id="Romance TV DE"								title="(?=Romance(\s*TV)?(\s*HD)?(\s*DE)$)" strm=""/>
	<channel id="SAT.1 DE"									title="(?=SAT(.)?\s*1(\s*Bayern)?(\s*TV)?(\s*HD)?(\s*DE)$)" strm=""/>
	<channel id="SAT.1 Emotions DE"							title="(?=SAT(.)?\s*1\s*Emotions(\s*TV)?(\s*HD)?(\s*DE)$)" strm=""/>
	<channel id="SAT.1 Gold DE"								title="(?=SAT(.)?\s*1\s*Gold(\s*TV)?(\s*HD)?(\s*DE)$)" strm=""/>
	<channel id="SIXX DE"									title="(?=SIXX(\s*TV)?(\s*HD)?(\s*DE)$)" strm=""/>
	<channel id="SKY Arts HD DE"							title="(?=SKY\s*Arts(\s*HD)?(\s*DE)$)" strm=""/>
	<channel id="SPIEGEL Geschichte DE"						title="(?=SPIEGEL\s*Geschichte(\s*TV)?(\s*HD)?(\s*DE)$)" strm=""/>
	<channel id="SPIEGEL TV WISSEN DE"						title="(?=SPIEGEL(\s*TV)?\s*WISSEN(\s*HD)?(\s*DE)$)" strm=""/>
	<channel id="SPORT1 DE"									title="(?=SPORT\s*1(\s*HD)?(\s*DE)$)" strm=""/>
	<channel id="SPORT1 US DE"								title="(?=SPORT\s*1\s*US(\s*HD)?(\s*DE)$)" strm=""/>
	<channel id="SPORT1+ DE"								title="(?=SPORT\s*1\s*(\+|PLUS)(\s*HD)?(\s*DE)$)" strm=""/>
	<channel id="SRF 1 DE"									title="(?=SFR(\s*1)?(\s*HD)?(\s*DE)$)" strm=""/>
	<channel id="SRF 2 DE"									title="(?=SFR\s*2(\s*HD)?(\s*DE)$)" strm=""/>
	<channel id="STAR TV DE"								title="(?=STAR(\s*TV)?(\s*HD)?(\s*DE)$)" strm=""/>
	<channel id="SUPER RTL DE"								title="(?=SUPER\s*RTL(\s*HD)?(\s*DE)$)" strm=""/>
	<channel id="SWR DE"									title="(?=SWR(\s*TV)?(\s*HD)?(\s*DE)$)" strm=""/>
	<channel id="Sachsen Fernsehen DE"						title="(?=Sachsen(\s*Fernsehen)?(\s*TV)?(\s*HD)?(\s*DE)$)" strm=""/>
	<channel id="Servus TV DE"								title="(?=Servus(\s*TV)?(\s*HD)?(\s*DE)$)" strm=""/>
	<channel id="Sky 1 HD DE"								title="(?=Sky\s*1(\s*HD)?(\s*DE)$)" strm=""/>
	<channel id="Sky Action DE"								title="(?=(Sky)(\s*Cinema)?(\s*Action)(\s*HD)?(\s*DE)$)" strm=""/>
	<channel id="Sky Atlantic HD DE"						title="(?=Sky\s*Atlantic(\s*HD)?(\s*DE)$)" strm=""/>
	<channel id="Sky Cinema +24 DE"							title="(?=Sky\s*Cinema\s*(\+|PLUS)\s*24(\s*HD)?(\s*DE)$)" strm=""/>
	<channel id="Sky Cinema DE"								title="(?=Sky\s*Cinema(\s*Hits)?(\s*HD)?(\s*DE)$)" strm=""/>
	<channel id="Sky Comedy DE"								title="(?=(Sky)(\s*Cinema)?(\s*Comedy)(\s*HD)?(\s*DE)$)" strm=""/>
	<channel id="Sky Emotion DE"							title="(?=(Sky)(\s*Cinema)?(\s*Emotion)(\s*HD)?(\s*DE)$)" strm=""/>
	<channel id="Sky Family DE"								title="(?=(Sky)(\s*Cinema)?(\s*Family)(\s*HD)?(\s*DE)$)" strm=""/>
	<channel id="Sky Krimi DE"								title="(?=(Sky)(\s*Cinema)?(\s*Krimi)(\s*HD)?(\s*DE)$)" strm=""/>
	<channel id="Sky Nostalgie DE"							title="(?=(Sky)(\s*Cinema)?(\s*Nostalgie)(\s*HD)?(\s*DE)$)" strm=""/>
	<channel id="Sky Sport Austria DE"						title="(?=Sky\s*Sport\s*Austria(\s*HD)?(\s*DE)$)" strm=""/>
	<channel id="Sky Sport Bundesliga DE"					title="(?=(Sky\s*Sport\s*Bundesliga)(\s*1)?(\s*HD)?(\s*Live)?(\s*Event)?(\s*DE)$)" strm=""/>
	<channel id="Sky Sport HD 1 DE"							title="(?=Sky\s*Sport(\s*1)?(\s*HD)?(\s*1)?(\s*DE)$)" strm=""/>
	<channel id="Sky Sport HD 2 DE"							title="(?=Sky\s*Sport\s*2(\s*HD)?(\s*DE)$)" strm=""/>
	<channel id="Sky Sport News HD DE"						title="(?=Sky\s*Sport\s*News(\s*HD)?(\s*DE)$)" strm=""/>
	<channel id="Sky Sport UHD DE"							title="(?=Sky\s*Sport(\s*UHD|\s*4K)(\s*UHD)?(\s*DE)$)" strm=""/>
	<channel id="Sonnenklar TV DE"							title="(?=Sonnenklar(\s*TV)?(\s*HD)?(\s*DE)$)" strm=""/>
	<channel id="Sportdigital DE"							title="(?=Sportdigital(\s*TV)?(\s*HD)?(\s*DE)$)" strm=""/>
	<channel id="Syfy HD DE"								title="(?=Syfy(\s*HD)?(\s*DE)$)" strm=""/>
	<channel id="TELE 5 DE"									title="(?=TELE\s*5(\s*HD)?(\s*DE)$)" strm=""/>
	<channel id="TLC DE"									title="(?=TLC(\s*HD)?(\s*DE)$)" strm=""/>
	<channel id="TNT Comedy HD DE"							title="(?=TNT\s*Comedy(\s*HD)?(\s*DE)$)" strm=""/>
	<channel id="TNT Film HD DE"							title="(?=TNT\s*Film(\s*HD)?(\s*DE)$)" strm=""/>
	<channel id="TNT Serie HD DE"							title="(?=TNT\s*Serie(\s*HD)?(\s*DE)$)" strm=""/>
	<channel id="TOGGO Plus DE"								title="(?=TOGGO\s*Plus(\s*HD)?(\s*DE)$)" strm=""/>
	<channel id="TV5 Monde DE"								title="(?=TV\s*5\s*Monde(\s*HD)?(\s*DE)$)" strm=""/>
	<channel id="Tagesschau 24 DE"							title="(?=Tagesschau\s*24(\s*HD)?(\s*DE)$)" strm=""/>
	<channel id="Trace Urban DE"							title="(?=Trace\s*Urban(\s*TV)?(\s*HD)?(\s*DE)$)" strm=""/>
	<channel id="Travel Channel DE"							title="(?=Travel\s*(Channel|Ch)(\s*HD)?(\s*DE)$)" strm=""/>
	<channel id="TravelXP 4K DE"							title="(?=Travel\s*(XP)(\s*UHD|\s*4K)(\s*UHD)?(\s*DE)$)" strm=""/>
	<channel id="UHD1 DE"									title="(?=UHD\s*1(\s*UHD)?(\s*DE)$)" strm=""/>
	<channel id="Universal Channel HD DE"					title="(?=Universal(\s*Channel|Ch)(\s*HD)?(\s*DE)$)" strm=""/>
	<channel id="VH1 Classic DE"							title="(?=VH1\s*Classic(\s*TV)?(\s*HD)?(\s*DE)$)" strm=""/>
	<channel id="VIVA DE"									title="(?=VIVA(\s*TV)?(\s*HD)?(\s*DE)$)" strm=""/>
	<channel id="VOX DE"									title="(?=VOX(\s*TV)?(\s*HD)?(\s*DE)$)" strm=""/>
	<channel id="WDR DE"									title="(?=WDR(\s*TV)?(\s*HD)?(\s*DE)$)" strm=""/>
	<channel id="Welt DE"									title="(?=Welt(\s*TV)?(\s*HD)?(\s*DE)$)" strm=""/>
	<channel id="Welt Doku DE"								title="(?=Welt\s*Doku(\s*TV)?(\s*HD)?(\s*DE)$)" strm=""/>
	<channel id="Welt der Wunder TV DE"						title="(?=Welt\s*der\s*Wunder(\s*TV)?(\s*HD)?(\s*DE)$)" strm=""/>
	<channel id="Wetter.com TV DE"							title="(?=Wetter(.)?(\s*com)?(\s*TV)?(\s*HD)?(\s*DE)$)" strm=""/>
	<channel id="ZDF DE"									title="(?=ZDF(\s*HD)?(\s*DE)$)" strm=""/>
	<channel id="ZDF Info DE"								title="(?=ZDF\s*Info(\s*HD)?(\s*DE)$)" strm=""/>
	<channel id="ZDF Neo DE"								title="(?=ZDF\s*Neo(\s*TV)?(\s*HD)?(\s*DE)$)" strm=""/>
	<channel id="Zee One DE"								title="(?=Zee\s*One(\s*TV)?(\s*HD)?(\s*DE)$)" strm=""/>

	<category name="Movie" 									tags="Film|Endzeitroadmovie"/>
	<category name="Series" 								tags="Serie|Sitcom"/>
	<category name="Information" 							tags="Nachrichten|Interview|Werbesendung"/>
	<category name="Entertainment" 							tags="Show|Quiz|Sketch|Theater"/>
	<category name="Document" 								tags="Historienepos|Doku|Architektur|Astronomie|Gewaltstudie|Literatur|Malerei|Technik"/>
	<category name="Kids" 									tags="Zeichentrick"/>
	<category name="Sport" 									tags="Sport|Rodeln"/>
	<category name="Interactive Entertainment" 				tags="Karneval|Russl|Leibesepos|Usa|Andere|Agentenklamotte|Agentenpersiflage|Antiquitätenratgeber|Arztschmonzette|Bodyswitch-Klamauk|Burleske|Duell|Episoden|EssenundTrinken|Europa|Festakt|Fitness|Folterschocker|Gala|Gangstersatire|Gesellschaftssatire|GesellschaftundSoziales|Gottesdienst|Haus|Kamerafahrt|Kamerafahrten|Kamerastreiche|Landschaftsbild|Lifestyle|Making-of|Mode|Märchenspaß|Orientierungslauf|Posse|Preisverleihung|Rad|Ratgeber|Schmalz|Schmonzette|Schulfernsehen|Seifenkistenrennen|Sprachkurs|Stadtbild|Tourismus|Undefiniert|Verkehr|Verleihung|Werbung|Wettbewerb|Wirtschaft und Konsum|WirtschaftundKonsum|Zeitgeschehen|Zoogeschichten|Ärzteschmonzette"/>
</map>